question,category
Quelles sont les matières obligatoires pour Informatique ?,cours
Quels outils utiliser pour Sciences des données ?,examens
Quels outils utiliser pour Finance ?,cours
Quels outils utiliser pour Physique ?,orientation
Comment gérer son temps pour Chimie ?,examens
Comment réussir un projet en Physique ?,examens
Comment préparer l'examen de Biologie ?,examens
Comment gérer son temps pour Réseaux ?,orientation
Quelles sont les matières obligatoires pour Biologie ?,cours
Comment améliorer mes notes en Gestion ?,cours
Comment obtenir de bonnes notes en Physique ?,orientation
Comment obtenir de bonnes notes en Sciences des données ?,orientation
Comment réussir un projet en Biologie ?,examens
Conseils pour réussir un stage en Biologie ?,orientation
Conseils pour la spécialité Sciences des données ?,orientation
Comment obtenir de bonnes notes en Génie logiciel ?,orientation
Comment préparer l'examen de Physique ?,examens
Comment trouver un stage en Informatique ?,cours
Comment améliorer mes notes en Informatique ?,cours
Quels sont les exercices pour Sciences des données ?,cours
Comment se préparer aux concours de Gestion ?,cours
Quelles ressources en ligne pour Chimie ?,cours
Conseils pour la spécialité Finance ?,cours
Comment s’améliorer en pratique pour Gestion ?,examens
Quels outils utiliser pour Informatique ?,orientation
Quels outils utiliser pour Réseaux ?,examens
Quels sont les exercices pour Chimie ?,orientation
Comment préparer l'examen de Sciences des données ?,cours
Comment réussir le cours de Gestion ?,orientation
Comment trouver un stage en Génie logiciel ?,examens
Comment trouver un stage en Chimie ?,orientation
Quelles sont les matières obligatoires pour Chimie ?,orientation
Quels outils utiliser pour Mathématiques ?,cours
Conseils pour la spécialité Gestion ?,cours
Comment obtenir de bonnes notes en Sciences des données ?,cours
Quels sont les exercices pour Réseaux ?,orientation
Conseils pour la spécialité Informatique ?,orientation
Comment réussir le cours de Gestion ?,cours
Quelles sont les matières obligatoires pour Sciences des données ?,orientation
Conseils pour la spécialité Réseaux ?,orientation
Conseils pour la spécialité Réseaux ?,cours
Comment obtenir de bonnes notes en Finance ?,orientation
Conseils pour la spécialité Réseaux ?,orientation
Conseils pour la spécialité Mathématiques ?,cours
Conseils pour la spécialité Génie logiciel ?,cours
Comment se préparer aux concours de Mathématiques ?,orientation
Comment se préparer aux concours de Physique ?,cours
Conseils pour la spécialité Biologie ?,examens
Comment s’améliorer en pratique pour Sciences des données ?,examens
Quels sont les stages disponibles en Mathématiques ?,orientation
Comment trouver un stage en Informatique ?,orientation
Comment gérer son temps pour Réseaux ?,examens
Comment se préparer aux concours de Chimie ?,cours
Quels outils utiliser pour Chimie ?,orientation
Comment améliorer mes notes en Physique ?,cours
Quels outils utiliser pour Physique ?,orientation
Comment obtenir de bonnes notes en Sciences des données ?,cours
Comment se préparer aux concours de Chimie ?,examens
Comment gérer son temps pour Mathématiques ?,cours
Quels sont les exercices pour Génie logiciel ?,orientation
Comment gérer son temps pour Gestion ?,cours
Conseils pour la spécialité Chimie ?,examens
Quels sont les stages disponibles en Sciences des données ?,cours
Quels outils utiliser pour Physique ?,examens
Comment préparer l'examen de Sciences des données ?,cours
Conseils pour la spécialité Gestion ?,cours
Quels outils utiliser pour Gestion ?,orientation
Quels outils utiliser pour Finance ?,cours
Conseils pour la spécialité Chimie ?,cours
Comment préparer l'examen de Génie logiciel ?,orientation
Quels outils utiliser pour Mathématiques ?,cours
Quels outils utiliser pour Biologie ?,examens
Comment se préparer aux concours de Finance ?,examens
Conseils pour la spécialité Finance ?,orientation
Comment obtenir de bonnes notes en Physique ?,examens
Comment gérer son temps pour Gestion ?,cours
Comment obtenir de bonnes notes en Génie logiciel ?,cours
Comment s’améliorer en pratique pour Chimie ?,orientation
Comment réussir un projet en Physique ?,orientation
Comment préparer l'examen de Finance ?,examens
Quelles sont les matières obligatoires pour Finance ?,orientation
Comment réussir un projet en Sciences des données ?,examens
Comment s’améliorer en pratique pour Informatique ?,orientation
Comment réussir le cours de Chimie ?,cours
Conseils pour la spécialité Physique ?,examens
Comment se préparer aux concours de Gestion ?,cours
Comment se préparer aux concours de Réseaux ?,cours
Conseils pour la spécialité Génie logiciel ?,examens
Comment gérer son temps pour Chimie ?,examens
Quelles sont les matières obligatoires pour Mathématiques ?,cours
Comment préparer l'examen de Réseaux ?,cours
Comment gérer son temps pour Sciences des données ?,examens
Conseils pour la spécialité Réseaux ?,examens
Comment réussir un projet en Mathématiques ?,examens
Comment obtenir de bonnes notes en Finance ?,orientation
Quels outils utiliser pour Biologie ?,examens
Comment trouver un stage en Génie logiciel ?,cours
Conseils pour la spécialité Mathématiques ?,cours
Quels outils utiliser pour Biologie ?,cours
Conseils pour réussir un stage en Gestion ?,orientation
Quelles ressources en ligne pour Mathématiques ?,cours
Quels sont les exercices pour Physique ?,cours
Comment s’améliorer en pratique pour Physique ?,orientation
Quels outils utiliser pour Biologie ?,orientation
Quels outils utiliser pour Réseaux ?,orientation
Quelles ressources en ligne pour Biologie ?,cours
Comment s’améliorer en pratique pour Sciences des données ?,orientation
Quels outils utiliser pour Finance ?,cours
Comment réussir le cours de Réseaux ?,examens
Quelles sont les matières obligatoires pour Réseaux ?,orientation
Comment améliorer mes notes en Sciences des données ?,examens
Quels outils utiliser pour Chimie ?,examens
Comment améliorer mes notes en Sciences des données ?,examens
Comment s’améliorer en pratique pour Chimie ?,orientation
Conseils pour la spécialité Sciences des données ?,cours
Quels sont les stages disponibles en Génie logiciel ?,cours
Comment réussir un projet en Biologie ?,examens
Conseils pour réussir un stage en Chimie ?,cours
Comment se préparer aux concours de Génie logiciel ?,examens
Comment se préparer aux concours de Sciences des données ?,examens
Comment améliorer mes notes en Sciences des données ?,examens
Quelles ressources en ligne pour Biologie ?,cours
Comment réussir un projet en Informatique ?,cours
Quels sont les stages disponibles en Chimie ?,cours
Comment gérer son temps pour Gestion ?,examens
Quels sont les exercices pour Gestion ?,cours
Comment gérer son temps pour Physique ?,examens
Quels sont les exercices pour Mathématiques ?,examens
Quels outils utiliser pour Génie logiciel ?,orientation
Comment réussir le cours de Finance ?,examens
Comment réussir un projet en Sciences des données ?,examens
Quels sont les exercices pour Sciences des données ?,cours
Quelles sont les matières obligatoires pour Sciences des données ?,orientation
Quelles sont les matières obligatoires pour Sciences des données ?,examens
Quelles ressources en ligne pour Informatique ?,orientation
Quelles ressources en ligne pour Informatique ?,orientation
Comment préparer l'examen de Sciences des données ?,examens
Quelles sont les matières obligatoires pour Mathématiques ?,examens
Quelles sont les matières obligatoires pour Mathématiques ?,orientation
Comment trouver un stage en Physique ?,cours
Conseils pour la spécialité Finance ?,orientation
Comment réussir un projet en Réseaux ?,examens
Quels outils utiliser pour Mathématiques ?,cours
Comment se préparer aux concours de Mathématiques ?,orientation
Quels sont les exercices pour Réseaux ?,cours
Quels sont les stages disponibles en Biologie ?,cours
Quels outils utiliser pour Gestion ?,cours
Comment préparer l'examen de Réseaux ?,cours
Quels outils utiliser pour Chimie ?,examens
Comment se préparer aux concours de Physique ?,examens
Conseils pour réussir un stage en Physique ?,examens
Comment préparer l'examen de Sciences des données ?,orientation
Comment trouver un stage en Physique ?,examens
Comment se préparer aux concours de Mathématiques ?,cours
Comment réussir un projet en Physique ?,examens
Quels outils utiliser pour Gestion ?,cours
Quels sont les stages disponibles en Génie logiciel ?,examens
Quels outils utiliser pour Informatique ?,examens
Comment obtenir de bonnes notes en Informatique ?,examens
Quels sont les stages disponibles en Sciences des données ?,orientation
Comment s’améliorer en pratique pour Réseaux ?,examens
Quels outils utiliser pour Génie logiciel ?,cours
Comment gérer son temps pour Gestion ?,examens
Quelles ressources en ligne pour Chimie ?,cours
Quels sont les stages disponibles en Sciences des données ?,orientation
Quelles sont les matières obligatoires pour Finance ?,cours
Comment trouver un stage en Mathématiques ?,examens
Comment obtenir de bonnes notes en Sciences des données ?,cours
Comment préparer l'examen de Chimie ?,examens
Conseils pour la spécialité Réseaux ?,examens
Comment obtenir de bonnes notes en Finance ?,orientation
Conseils pour réussir un stage en Mathématiques ?,examens
Conseils pour la spécialité Mathématiques ?,orientation
Quels outils utiliser pour Mathématiques ?,examens
Comment trouver un stage en Génie logiciel ?,examens
Quelles sont les matières obligatoires pour Physique ?,orientation
Conseils pour réussir un stage en Finance ?,orientation
Quelles sont les matières obligatoires pour Chimie ?,orientation
Quels outils utiliser pour Génie logiciel ?,examens
Quels sont les stages disponibles en Génie logiciel ?,cours
Quels outils utiliser pour Réseaux ?,examens
Comment s’améliorer en pratique pour Réseaux ?,cours
Comment préparer l'examen de Gestion ?,cours
Conseils pour la spécialité Sciences des données ?,orientation
Conseils pour réussir un stage en Mathématiques ?,orientation
Comment préparer l'examen de Chimie ?,cours
Comment réussir le cours de Biologie ?,cours
Comment réussir un projet en Chimie ?,orientation
Comment réussir un projet en Réseaux ?,orientation
Conseils pour la spécialité Informatique ?,examens
Comment obtenir de bonnes notes en Mathématiques ?,orientation
Conseils pour la spécialité Chimie ?,orientation
Quels outils utiliser pour Biologie ?,cours
Quels outils utiliser pour Réseaux ?,cours
Comment gérer son temps pour Gestion ?,orientation
Comment trouver un stage en Mathématiques ?,examens
Comment améliorer mes notes en Génie logiciel ?,examens
Comment réussir le cours de Sciences des données ?,orientation
Comment gérer son temps pour Mathématiques ?,examens
Comment obtenir de bonnes notes en Biologie ?,cours
Comment réussir le cours de Génie logiciel ?,examens
Comment réussir le cours de Mathématiques ?,cours
Quels sont les exercices pour Mathématiques ?,cours
Quelles ressources en ligne pour Informatique ?,examens
Quels outils utiliser pour Génie logiciel ?,orientation
Comment gérer son temps pour Informatique ?,cours
Quels outils utiliser pour Sciences des données ?,orientation
Conseils pour la spécialité Finance ?,orientation
Conseils pour la spécialité Gestion ?,examens
Comment préparer l'examen de Sciences des données ?,cours
Quels outils utiliser pour Gestion ?,examens
Comment réussir le cours de Réseaux ?,examens
Quels outils utiliser pour Sciences des données ?,examens
Quelles ressources en ligne pour Chimie ?,cours
Comment réussir un projet en Chimie ?,orientation
Comment réussir un projet en Biologie ?,orientation
Comment trouver un stage en Gestion ?,orientation
Comment gérer son temps pour Chimie ?,examens
Comment préparer l'examen de Biologie ?,examens
Quels sont les exercices pour Informatique ?,examens
Comment améliorer mes notes en Sciences des données ?,orientation
Quels outils utiliser pour Informatique ?,orientation
Comment gérer son temps pour Physique ?,orientation
Comment obtenir de bonnes notes en Réseaux ?,orientation
Quels outils utiliser pour Biologie ?,examens
Quelles sont les matières obligatoires pour Sciences des données ?,examens
Comment réussir un projet en Génie logiciel ?,cours
Comment préparer l'examen de Gestion ?,examens
Comment gérer son temps pour Réseaux ?,orientation
Quelles sont les matières obligatoires pour Finance ?,examens
Comment se préparer aux concours de Gestion ?,orientation
Conseils pour la spécialité Réseaux ?,orientation
Quels outils utiliser pour Physique ?,cours
Quels outils utiliser pour Physique ?,orientation
Comment gérer son temps pour Informatique ?,examens
Conseils pour la spécialité Mathématiques ?,examens
Comment réussir le cours de Sciences des données ?,examens
Quels outils utiliser pour Gestion ?,orientation
Comment obtenir de bonnes notes en Chimie ?,cours
Conseils pour la spécialité Génie logiciel ?,orientation
Comment gérer son temps pour Finance ?,examens
Quelles ressources en ligne pour Génie logiciel ?,orientation
Conseils pour réussir un stage en Mathématiques ?,examens
Conseils pour la spécialité Biologie ?,orientation
Quelles sont les matières obligatoires pour Réseaux ?,examens
Quelles sont les matières obligatoires pour Informatique ?,cours
Quelles ressources en ligne pour Finance ?,orientation
Quels outils utiliser pour Finance ?,examens
Quels sont les exercices pour Chimie ?,cours
Quels sont les stages disponibles en Réseaux ?,orientation
Conseils pour la spécialité Informatique ?,examens
Quels outils utiliser pour Informatique ?,examens
Quelles sont les matières obligatoires pour Réseaux ?,examens
Conseils pour la spécialité Génie logiciel ?,orientation
Quels sont les exercices pour Réseaux ?,orientation
Quels sont les stages disponibles en Finance ?,examens
Quels sont les stages disponibles en Informatique ?,orientation
Conseils pour la spécialité Informatique ?,cours
Comment préparer l'examen de Finance ?,orientation
Conseils pour réussir un stage en Réseaux ?,examens
Quels sont les exercices pour Génie logiciel ?,cours
Comment préparer l'examen de Biologie ?,orientation
Quelles sont les matières obligatoires pour Génie logiciel ?,cours
Quelles sont les matières obligatoires pour Sciences des données ?,orientation
Quels outils utiliser pour Biologie ?,cours
Quels outils utiliser pour Gestion ?,orientation
Comment gérer son temps pour Réseaux ?,cours
Comment trouver un stage en Chimie ?,examens
Quels sont les stages disponibles en Physique ?,orientation
Comment préparer l'examen de Informatique ?,orientation
Quels outils utiliser pour Réseaux ?,orientation
Comment trouver un stage en Biologie ?,cours
Comment améliorer mes notes en Gestion ?,examens
Comment s’améliorer en pratique pour Réseaux ?,cours
Conseils pour la spécialité Gestion ?,orientation
Quels outils utiliser pour Chimie ?,examens
Comment obtenir de bonnes notes en Gestion ?,cours
Conseils pour réussir un stage en Réseaux ?,cours
Comment réussir un projet en Informatique ?,orientation
Comment réussir le cours de Informatique ?,examens
Comment réussir le cours de Finance ?,examens
Quels outils utiliser pour Physique ?,cours
Comment se préparer aux concours de Génie logiciel ?,examens
Conseils pour la spécialité Gestion ?,orientation
Quels outils utiliser pour Mathématiques ?,orientation
Quels sont les exercices pour Physique ?,cours
Comment réussir un projet en Finance ?,cours
Quels outils utiliser pour Sciences des données ?,cours
Comment gérer son temps pour Mathématiques ?,examens
Quels sont les stages disponibles en Finance ?,examens
Comment gérer son temps pour Biologie ?,examens
Comment s’améliorer en pratique pour Réseaux ?,orientation
Comment améliorer mes notes en Sciences des données ?,examens
Quels outils utiliser pour Physique ?,examens
Comment gérer son temps pour Sciences des données ?,cours
Comment trouver un stage en Gestion ?,cours
Comment réussir le cours de Réseaux ?,orientation
Quelles ressources en ligne pour Génie logiciel ?,examens
Comment améliorer mes notes en Informatique ?,examens
Comment réussir un projet en Finance ?,cours
Quelles ressources en ligne pour Sciences des données ?,orientation
Quels outils utiliser pour Mathématiques ?,orientation
Conseils pour la spécialité Biologie ?,examens
Quelles ressources en ligne pour Biologie ?,examens
Comment réussir le cours de Génie logiciel ?,cours
Comment s’améliorer en pratique pour Chimie ?,examens
Comment s’améliorer en pratique pour Biologie ?,orientation
Comment s’améliorer en pratique pour Sciences des données ?,cours
Quels sont les stages disponibles en Biologie ?,cours
Quelles sont les matières obligatoires pour Biologie ?,examens
Quels outils utiliser pour Biologie ?,cours
Comment réussir le cours de Biologie ?,examens
Quels sont les stages disponibles en Gestion ?,examens
Comment obtenir de bonnes notes en Sciences des données ?,cours
Quels sont les stages disponibles en Gestion ?,examens
Comment se préparer aux concours de Gestion ?,orientation
Quelles ressources en ligne pour Mathématiques ?,examens
Quels sont les stages disponibles en Sciences des données ?,cours
Comment trouver un stage en Gestion ?,cours
Comment se préparer aux concours de Réseaux ?,orientation
Quels outils utiliser pour Génie logiciel ?,examens
Comment se préparer aux concours de Génie logiciel ?,cours
Quels outils utiliser pour Informatique ?,examens
Comment s’améliorer en pratique pour Chimie ?,examens
Quels sont les exercices pour Réseaux ?,orientation
Comment réussir un projet en Finance ?,examens
Comment réussir le cours de Biologie ?,cours
Comment gérer son temps pour Réseaux ?,cours
Quels sont les stages disponibles en Chimie ?,examens
Conseils pour la spécialité Génie logiciel ?,cours
Comment améliorer mes notes en Informatique ?,orientation
Conseils pour la spécialité Finance ?,cours
Quels outils utiliser pour Sciences des données ?,cours
Comment réussir le cours de Génie logiciel ?,examens
Comment obtenir de bonnes notes en Génie logiciel ?,examens
Comment gérer son temps pour Physique ?,orientation
Conseils pour la spécialité Réseaux ?,examens
Comment s’améliorer en pratique pour Réseaux ?,orientation
Comment gérer son temps pour Réseaux ?,orientation
Comment réussir le cours de Biologie ?,examens
Quels outils utiliser pour Gestion ?,orientation
Comment préparer l'examen de Mathématiques ?,orientation
Conseils pour réussir un stage en Réseaux ?,examens
Comment obtenir de bonnes notes en Informatique ?,cours
Conseils pour réussir un stage en Réseaux ?,examens
Comment réussir un projet en Informatique ?,cours
Quelles ressources en ligne pour Physique ?,cours
Conseils pour la spécialité Physique ?,examens
Conseils pour réussir un stage en Informatique ?,cours
Comment améliorer mes notes en Réseaux ?,examens
Comment réussir le cours de Finance ?,examens
Comment obtenir de bonnes notes en Chimie ?,cours
Quels sont les exercices pour Biologie ?,cours
Quels outils utiliser pour Biologie ?,cours
Quels outils utiliser pour Mathématiques ?,cours
Quels outils utiliser pour Informatique ?,orientation
Comment réussir le cours de Finance ?,orientation
Comment se préparer aux concours de Biologie ?,examens
Quels outils utiliser pour Sciences des données ?,cours
Quels outils utiliser pour Chimie ?,examens
Quelles sont les matières obligatoires pour Sciences des données ?,orientation
Comment réussir le cours de Gestion ?,orientation
Comment s’améliorer en pratique pour Physique ?,cours
Comment améliorer mes notes en Finance ?,cours
Comment gérer son temps pour Mathématiques ?,examens
Comment préparer l'examen de Gestion ?,cours
Quels sont les stages disponibles en Réseaux ?,cours
Conseils pour la spécialité Informatique ?,orientation
Quelles ressources en ligne pour Biologie ?,orientation
Comment obtenir de bonnes notes en Mathématiques ?,examens
Conseils pour réussir un stage en Chimie ?,examens
Comment préparer l'examen de Gestion ?,examens
Quelles ressources en ligne pour Gestion ?,examens
Conseils pour la spécialité Informatique ?,cours
Quelles ressources en ligne pour Génie logiciel ?,cours
Comment gérer son temps pour Informatique ?,orientation
Comment réussir un projet en Génie logiciel ?,examens
Quelles ressources en ligne pour Génie logiciel ?,orientation
Comment améliorer mes notes en Sciences des données ?,orientation
Comment améliorer mes notes en Réseaux ?,orientation
Comment préparer l'examen de Mathématiques ?,examens
Comment améliorer mes notes en Mathématiques ?,orientation
Quelles ressources en ligne pour Réseaux ?,cours
Conseils pour la spécialité Chimie ?,examens
Comment obtenir de bonnes notes en Biologie ?,orientation
Quels outils utiliser pour Sciences des données ?,examens
Quels sont les exercices pour Sciences des données ?,cours
Quelles sont les matières obligatoires pour Sciences des données ?,orientation
Comment se préparer aux concours de Informatique ?,orientation
Quelles ressources en ligne pour Gestion ?,examens
Comment gérer son temps pour Chimie ?,cours
Conseils pour la spécialité Physique ?,examens
Comment améliorer mes notes en Finance ?,orientation
Comment réussir un projet en Physique ?,cours
Comment s’améliorer en pratique pour Physique ?,orientation
Quels outils utiliser pour Génie logiciel ?,examens
Quelles sont les matières obligatoires pour Chimie ?,examens
Comment obtenir de bonnes notes en Finance ?,cours
Conseils pour réussir un stage en Réseaux ?,cours
Quelles ressources en ligne pour Génie logiciel ?,orientation
Comment préparer l'examen de Mathématiques ?,cours
Quels outils utiliser pour Réseaux ?,cours
Comment obtenir de bonnes notes en Finance ?,orientation
Comment préparer l'examen de Physique ?,examens
Conseils pour la spécialité Physique ?,cours
Quelles ressources en ligne pour Physique ?,orientation
Comment améliorer mes notes en Chimie ?,examens
Quels outils utiliser pour Mathématiques ?,cours
Comment trouver un stage en Mathématiques ?,orientation
Comment améliorer mes notes en Sciences des données ?,examens
Comment s’améliorer en pratique pour Réseaux ?,cours
Quelles sont les matières obligatoires pour Génie logiciel ?,orientation
Conseils pour réussir un stage en Sciences des données ?,orientation
Comment améliorer mes notes en Mathématiques ?,orientation
Comment préparer l'examen de Informatique ?,examens
Quels outils utiliser pour Sciences des données ?,examens
Quelles ressources en ligne pour Mathématiques ?,orientation
Comment préparer l'examen de Réseaux ?,orientation
Quelles sont les matières obligatoires pour Physique ?,orientation
Quels outils utiliser pour Physique ?,orientation
Conseils pour la spécialité Finance ?,examens
Conseils pour la spécialité Chimie ?,orientation
Quels sont les stages disponibles en Informatique ?,examens
Comment préparer l'examen de Informatique ?,cours
Quels outils utiliser pour Biologie ?,examens
Comment gérer son temps pour Biologie ?,cours
Comment améliorer mes notes en Chimie ?,examens
Comment réussir le cours de Finance ?,examens
Quels sont les exercices pour Gestion ?,examens
Quels outils utiliser pour Physique ?,cours
Quels sont les stages disponibles en Réseaux ?,cours
Comment améliorer mes notes en Réseaux ?,cours
Comment améliorer mes notes en Biologie ?,cours
Comment réussir un projet en Mathématiques ?,orientation
Comment obtenir de bonnes notes en Mathématiques ?,cours
Comment trouver un stage en Chimie ?,cours
Comment améliorer mes notes en Mathématiques ?,cours
Quelles sont les matières obligatoires pour Sciences des données ?,examens
Conseils pour la spécialité Mathématiques ?,orientation
Comment améliorer mes notes en Génie logiciel ?,orientation
Comment réussir un projet en Finance ?,examens
Comment obtenir de bonnes notes en Finance ?,orientation
Conseils pour la spécialité Réseaux ?,cours
Comment obtenir de bonnes notes en Finance ?,cours
Comment améliorer mes notes en Finance ?,examens
Quels sont les stages disponibles en Finance ?,examens
Comment trouver un stage en Réseaux ?,orientation
Comment se préparer aux concours de Mathématiques ?,cours
Comment se préparer aux concours de Biologie ?,examens
Quelles sont les matières obligatoires pour Sciences des données ?,cours
Quelles sont les matières obligatoires pour Mathématiques ?,examens
Quels sont les exercices pour Génie logiciel ?,examens
Quels outils utiliser pour Physique ?,cours
Quels outils utiliser pour Physique ?,examens
Quelles sont les matières obligatoires pour Génie logiciel ?,examens
Comment gérer son temps pour Finance ?,examens
Quels sont les stages disponibles en Sciences des données ?,cours
Comment s’améliorer en pratique pour Mathématiques ?,examens
Conseils pour la spécialité Génie logiciel ?,orientation
Comment se préparer aux concours de Informatique ?,examens
Comment réussir un projet en Finance ?,examens
Comment s’améliorer en pratique pour Génie logiciel ?,examens
Conseils pour réussir un stage en Mathématiques ?,examens
Comment réussir le cours de Chimie ?,cours
Conseils pour réussir un stage en Biologie ?,orientation
Quels sont les exercices pour Génie logiciel ?,examens
Comment s’améliorer en pratique pour Physique ?,orientation
Comment gérer son temps pour Mathématiques ?,examens
Quels outils utiliser pour Biologie ?,examens
Quels sont les exercices pour Biologie ?,orientation
Conseils pour réussir un stage en Gestion ?,orientation
Conseils pour la spécialité Biologie ?,orientation
Conseils pour la spécialité Physique ?,examens
Comment réussir un projet en Génie logiciel ?,orientation
Quelles ressources en ligne pour Réseaux ?,cours
Quels outils utiliser pour Informatique ?,cours
Comment trouver un stage en Génie logiciel ?,cours
Comment se préparer aux concours de Réseaux ?,cours
Quelles sont les matières obligatoires pour Physique ?,cours
Quelles ressources en ligne pour Réseaux ?,cours
Conseils pour réussir un stage en Gestion ?,orientation
Comment améliorer mes notes en Génie logiciel ?,examens
Comment se préparer aux concours de Informatique ?,examens
Comment se préparer aux concours de Informatique ?,examens
Comment gérer son temps pour Sciences des données ?,examens
Conseils pour la spécialité Réseaux ?,examens
Comment s’améliorer en pratique pour Génie logiciel ?,examens
Conseils pour la spécialité Informatique ?,orientation
Comment s’améliorer en pratique pour Informatique ?,cours
Comment améliorer mes notes en Biologie ?,cours
Conseils pour la spécialité Sciences des données ?,orientation
Comment améliorer mes notes en Chimie ?,cours
Quels sont les stages disponibles en Réseaux ?,cours
Quels outils utiliser pour Physique ?,orientation
Quels outils utiliser pour Gestion ?,orientation
Quels outils utiliser pour Gestion ?,examens
Conseils pour la spécialité Gestion ?,orientation
Quelles ressources en ligne pour Réseaux ?,cours
Comment gérer son temps pour Chimie ?,examens
Comment se préparer aux concours de Finance ?,orientation
Quels sont les stages disponibles en Mathématiques ?,examens
Quels outils utiliser pour Génie logiciel ?,examens
Comment gérer son temps pour Gestion ?,examens
Quels outils utiliser pour Réseaux ?,orientation
Quels sont les exercices pour Sciences des données ?,examens
Comment obtenir de bonnes notes en Sciences des données ?,examens
Comment obtenir de bonnes notes en Gestion ?,orientation
Quels sont les exercices pour Gestion ?,cours
Comment réussir un projet en Gestion ?,cours
Quelles sont les matières obligatoires pour Chimie ?,cours
Comment réussir un projet en Mathématiques ?,cours
Conseils pour la spécialité Physique ?,orientation
Comment réussir le cours de Chimie ?,cours
Quelles ressources en ligne pour Gestion ?,cours
Comment obtenir de bonnes notes en Réseaux ?,examens
Quels outils utiliser pour Biologie ?,orientation
Comment s’améliorer en pratique pour Chimie ?,orientation
Comment réussir le cours de Finance ?,cours
Quels sont les stages disponibles en Génie logiciel ?,examens
Comment se préparer aux concours de Informatique ?,examens
Comment améliorer mes notes en Finance ?,examens
Quelles sont les matières obligatoires pour Sciences des données ?,examens
Comment trouver un stage en Finance ?,cours
Conseils pour la spécialité Génie logiciel ?,orientation
Comment obtenir de bonnes notes en Sciences des données ?,cours
Quels sont les exercices pour Finance ?,cours
Conseils pour réussir un stage en Finance ?,cours
Comment se préparer aux concours de Génie logiciel ?,orientation
Comment réussir le cours de Physique ?,orientation
Quels sont les exercices pour Génie logiciel ?,orientation
Comment s’améliorer en pratique pour Réseaux ?,cours
Quels outils utiliser pour Biologie ?,cours
Comment trouver un stage en Chimie ?,examens
Comment trouver un stage en Physique ?,examens
Conseils pour la spécialité Réseaux ?,cours
Comment réussir le cours de Réseaux ?,cours
Quels outils utiliser pour Sciences des données ?,cours
Comment améliorer mes notes en Biologie ?,cours
Quels sont les stages disponibles en Finance ?,orientation
Conseils pour la spécialité Informatique ?,cours
Quelles ressources en ligne pour Physique ?,examens
Comment s’améliorer en pratique pour Génie logiciel ?,orientation
Conseils pour réussir un stage en Chimie ?,orientation
Comment se préparer aux concours de Biologie ?,orientation
Comment trouver un stage en Informatique ?,examens
Quelles ressources en ligne pour Génie logiciel ?,examens
Comment s’améliorer en pratique pour Biologie ?,examens
Quels outils utiliser pour Chimie ?,orientation
Conseils pour réussir un stage en Mathématiques ?,examens
Comment obtenir de bonnes notes en Physique ?,orientation
Conseils pour la spécialité Chimie ?,cours
Quels sont les exercices pour Gestion ?,examens
Comment s’améliorer en pratique pour Biologie ?,cours
Conseils pour la spécialité Biologie ?,examens
Comment réussir le cours de Réseaux ?,orientation
Quels outils utiliser pour Informatique ?,examens
Conseils pour la spécialité Physique ?,orientation
Quelles sont les matières obligatoires pour Génie logiciel ?,orientation
Quels outils utiliser pour Informatique ?,examens
Comment trouver un stage en Chimie ?,examens
Quelles ressources en ligne pour Sciences des données ?,orientation
Conseils pour la spécialité Sciences des données ?,orientation
Comment améliorer mes notes en Informatique ?,orientation
Comment préparer l'examen de Réseaux ?,orientation
Comment trouver un stage en Sciences des données ?,orientation
Conseils pour la spécialité Informatique ?,examens
Comment réussir le cours de Mathématiques ?,orientation
Quels outils utiliser pour Chimie ?,cours
Quels sont les stages disponibles en Informatique ?,cours
Comment trouver un stage en Chimie ?,cours
Conseils pour la spécialité Chimie ?,orientation
Comment s’améliorer en pratique pour Réseaux ?,orientation
Comment préparer l'examen de Gestion ?,cours
Quels outils utiliser pour Chimie ?,examens
Comment s’améliorer en pratique pour Biologie ?,cours
Quelles ressources en ligne pour Mathématiques ?,examens
Comment se préparer aux concours de Sciences des données ?,orientation
Comment obtenir de bonnes notes en Chimie ?,examens
Comment réussir le cours de Biologie ?,cours
Comment obtenir de bonnes notes en Chimie ?,cours
Comment préparer l'examen de Sciences des données ?,orientation
Comment réussir un projet en Sciences des données ?,cours
Quels sont les stages disponibles en Mathématiques ?,examens
Conseils pour la spécialité Réseaux ?,orientation
Comment réussir le cours de Biologie ?,examens
Quelles ressources en ligne pour Informatique ?,cours
Conseils pour la spécialité Chimie ?,orientation
Comment obtenir de bonnes notes en Physique ?,examens
Comment gérer son temps pour Mathématiques ?,cours
Comment obtenir de bonnes notes en Génie logiciel ?,examens
Quels sont les exercices pour Informatique ?,orientation
Comment préparer l'examen de Biologie ?,orientation
Quels outils utiliser pour Réseaux ?,examens
Quels sont les stages disponibles en Génie logiciel ?,examens
Comment trouver un stage en Biologie ?,examens
Comment réussir le cours de Mathématiques ?,orientation
Conseils pour la spécialité Réseaux ?,examens
Quels sont les exercices pour Génie logiciel ?,orientation
Comment trouver un stage en Finance ?,examens
Conseils pour la spécialité Gestion ?,cours
Conseils pour la spécialité Finance ?,orientation
Comment gérer son temps pour Finance ?,examens
Comment améliorer mes notes en Sciences des données ?,orientation
Comment préparer l'examen de Informatique ?,orientation
Quels outils utiliser pour Génie logiciel ?,examens
Comment obtenir de bonnes notes en Informatique ?,cours
Conseils pour la spécialité Mathématiques ?,orientation
Comment obtenir de bonnes notes en Gestion ?,cours
Comment gérer son temps pour Sciences des données ?,orientation
Quelles sont les matières obligatoires pour Finance ?,orientation
Comment se préparer aux concours de Génie logiciel ?,orientation
Quelles sont les matières obligatoires pour Réseaux ?,cours
Conseils pour réussir un stage en Sciences des données ?,cours
Conseils pour la spécialité Sciences des données ?,examens
Quelles ressources en ligne pour Génie logiciel ?,examens
Comment s’améliorer en pratique pour Sciences des données ?,examens
Conseils pour la spécialité Chimie ?,examens
Comment s’améliorer en pratique pour Chimie ?,examens
Comment gérer son temps pour Réseaux ?,examens
Quels sont les stages disponibles en Finance ?,cours
Quelles sont les matières obligatoires pour Génie logiciel ?,examens
Quels outils utiliser pour Réseaux ?,orientation
Comment réussir un projet en Génie logiciel ?,orientation
Comment réussir un projet en Réseaux ?,cours
Conseils pour la spécialité Réseaux ?,orientation
Comment se préparer aux concours de Gestion ?,orientation
Quels sont les exercices pour Sciences des données ?,examens
Comment préparer l'examen de Mathématiques ?,cours
Comment obtenir de bonnes notes en Gestion ?,orientation
Quels sont les exercices pour Réseaux ?,orientation
Conseils pour la spécialité Physique ?,cours
Comment obtenir de bonnes notes en Chimie ?,orientation
Comment gérer son temps pour Sciences des données ?,cours
Conseils pour réussir un stage en Finance ?,examens
Comment réussir un projet en Réseaux ?,orientation
Conseils pour la spécialité Gestion ?,cours
Conseils pour la spécialité Sciences des données ?,cours
Conseils pour réussir un stage en Mathématiques ?,cours
Quels outils utiliser pour Finance ?,orientation
Comment gérer son temps pour Informatique ?,examens
Quelles sont les matières obligatoires pour Mathématiques ?,examens
Quels outils utiliser pour Chimie ?,cours
Comment améliorer mes notes en Chimie ?,cours
Quels outils utiliser pour Gestion ?,cours
Quelles sont les matières obligatoires pour Physique ?,orientation
Comment préparer l'examen de Mathématiques ?,cours
Quels sont les stages disponibles en Réseaux ?,orientation
Comment préparer l'examen de Génie logiciel ?,orientation
Comment réussir le cours de Physique ?,orientation
Quels sont les stages disponibles en Chimie ?,cours
Comment gérer son temps pour Gestion ?,orientation
Quelles sont les matières obligatoires pour Physique ?,orientation
Quels outils utiliser pour Finance ?,orientation
Quelles sont les matières obligatoires pour Génie logiciel ?,orientation
Conseils pour réussir un stage en Physique ?,cours
Conseils pour la spécialité Génie logiciel ?,cours
Comment réussir un projet en Sciences des données ?,cours
Comment réussir le cours de Biologie ?,examens
Comment réussir un projet en Chimie ?,cours
Quelles sont les matières obligatoires pour Génie logiciel ?,orientation
Comment obtenir de bonnes notes en Sciences des données ?,orientation
Conseils pour la spécialité Finance ?,examens
Quels outils utiliser pour Génie logiciel ?,examens
Comment réussir un projet en Chimie ?,cours
Conseils pour la spécialité Mathématiques ?,examens
Comment réussir un projet en Réseaux ?,examens
Quels sont les exercices pour Biologie ?,orientation
Conseils pour la spécialité Réseaux ?,examens
Quels outils utiliser pour Physique ?,orientation
Comment s’améliorer en pratique pour Physique ?,examens
Comment gérer son temps pour Chimie ?,orientation
Quelles sont les matières obligatoires pour Informatique ?,cours
Conseils pour réussir un stage en Réseaux ?,orientation
Comment réussir un projet en Biologie ?,orientation
Comment s’améliorer en pratique pour Informatique ?,examens
Comment améliorer mes notes en Gestion ?,cours
Quels sont les stages disponibles en Réseaux ?,orientation
Comment réussir le cours de Gestion ?,orientation
Comment trouver un stage en Physique ?,orientation
Comment se préparer aux concours de Génie logiciel ?,cours
Comment réussir un projet en Finance ?,examens
Conseils pour la spécialité Gestion ?,orientation
Conseils pour la spécialité Chimie ?,examens
Conseils pour réussir un stage en Génie logiciel ?,orientation
Conseils pour la spécialité Chimie ?,cours
Comment réussir le cours de Sciences des données ?,orientation
Quels sont les stages disponibles en Sciences des données ?,orientation
Quelles ressources en ligne pour Génie logiciel ?,orientation
Comment préparer l'examen de Finance ?,cours
Comment gérer son temps pour Physique ?,examens
Conseils pour réussir un stage en Mathématiques ?,examens
Quels outils utiliser pour Génie logiciel ?,orientation
Comment s’améliorer en pratique pour Gestion ?,examens
Quelles sont les matières obligatoires pour Mathématiques ?,examens
Quels sont les exercices pour Informatique ?,examens
Conseils pour réussir un stage en Physique ?,examens
Comment obtenir de bonnes notes en Physique ?,orientation
Quels outils utiliser pour Biologie ?,examens
Comment préparer l'examen de Informatique ?,examens
Comment préparer l'examen de Physique ?,orientation
Conseils pour la spécialité Génie logiciel ?,examens
Comment préparer l'examen de Finance ?,cours
Quels outils utiliser pour Informatique ?,examens
Comment obtenir de bonnes notes en Génie logiciel ?,examens
Conseils pour la spécialité Biologie ?,examens
Conseils pour la spécialité Mathématiques ?,orientation
Comment obtenir de bonnes notes en Biologie ?,cours
Quelles ressources en ligne pour Finance ?,orientation
Comment réussir le cours de Chimie ?,cours
Comment se préparer aux concours de Physique ?,orientation
Quels outils utiliser pour Sciences des données ?,cours
Quels outils utiliser pour Finance ?,cours
Comment réussir un projet en Chimie ?,orientation
Quelles ressources en ligne pour Informatique ?,examens
Quels sont les stages disponibles en Gestion ?,orientation
Comment obtenir de bonnes notes en Sciences des données ?,examens
Comment obtenir de bonnes notes en Biologie ?,cours
Comment améliorer mes notes en Gestion ?,cours
Quels sont les stages disponibles en Chimie ?,orientation
Quels sont les stages disponibles en Physique ?,examens
Comment améliorer mes notes en Biologie ?,orientation
Conseils pour la spécialité Sciences des données ?,examens
Comment améliorer mes notes en Sciences des données ?,orientation
Quels sont les exercices pour Gestion ?,cours
Quelles ressources en ligne pour Mathématiques ?,orientation
Comment obtenir de bonnes notes en Finance ?,orientation
Comment se préparer aux concours de Biologie ?,orientation
Comment améliorer mes notes en Physique ?,orientation
Conseils pour la spécialité Gestion ?,cours
Comment obtenir de bonnes notes en Gestion ?,examens
Quels outils utiliser pour Finance ?,cours
Conseils pour la spécialité Génie logiciel ?,orientation
Quels sont les stages disponibles en Informatique ?,examens
Conseils pour la spécialité Biologie ?,examens
Quels outils utiliser pour Chimie ?,cours
Quels sont les stages disponibles en Finance ?,orientation
Quelles ressources en ligne pour Sciences des données ?,cours
Comment se préparer aux concours de Réseaux ?,examens
Comment réussir un projet en Mathématiques ?,cours
Quels outils utiliser pour Chimie ?,examens
Comment préparer l'examen de Sciences des données ?,examens
Comment se préparer aux concours de Gestion ?,examens
Quels outils utiliser pour Génie logiciel ?,cours
Conseils pour la spécialité Génie logiciel ?,cours
Conseils pour la spécialité Informatique ?,orientation
Quels sont les stages disponibles en Réseaux ?,cours
Conseils pour la spécialité Sciences des données ?,examens
Comment s’améliorer en pratique pour Chimie ?,orientation
Quels sont les exercices pour Mathématiques ?,cours
Comment gérer son temps pour Gestion ?,cours
Comment améliorer mes notes en Informatique ?,cours
Quels sont les stages disponibles en Chimie ?,cours
Quels outils utiliser pour Génie logiciel ?,orientation
Conseils pour la spécialité Biologie ?,orientation
Comment s’améliorer en pratique pour Réseaux ?,examens
Comment trouver un stage en Génie logiciel ?,examens
Comment gérer son temps pour Informatique ?,orientation
Quelles sont les matières obligatoires pour Chimie ?,orientation
Quels outils utiliser pour Finance ?,cours
Conseils pour la spécialité Gestion ?,examens
Quels sont les exercices pour Chimie ?,examens
Comment s’améliorer en pratique pour Chimie ?,cours
Comment réussir un projet en Gestion ?,cours
Quels sont les stages disponibles en Chimie ?,examens
Conseils pour la spécialité Finance ?,cours
Quels outils utiliser pour Chimie ?,orientation
Comment préparer l'examen de Réseaux ?,orientation
Quels outils utiliser pour Physique ?,orientation
Quels sont les exercices pour Informatique ?,cours
Quels outils utiliser pour Mathématiques ?,cours
Comment trouver un stage en Génie logiciel ?,orientation
Conseils pour la spécialité Biologie ?,cours
Quelles sont les matières obligatoires pour Gestion ?,orientation
Quels sont les stages disponibles en Chimie ?,orientation
Conseils pour la spécialité Génie logiciel ?,orientation
Quels sont les stages disponibles en Biologie ?,examens
Conseils pour la spécialité Informatique ?,cours
Comment s’améliorer en pratique pour Réseaux ?,orientation
Comment réussir un projet en Chimie ?,examens
Conseils pour la spécialité Gestion ?,examens
Conseils pour la spécialité Physique ?,orientation
Comment gérer son temps pour Réseaux ?,orientation
Conseils pour la spécialité Physique ?,orientation
Quels outils utiliser pour Sciences des données ?,cours
Quels outils utiliser pour Chimie ?,orientation
Comment réussir un projet en Chimie ?,orientation
Comment se préparer aux concours de Chimie ?,cours
Quelles sont les matières obligatoires pour Réseaux ?,examens
Comment préparer l'examen de Informatique ?,examens
Comment s’améliorer en pratique pour Finance ?,examens
Conseils pour la spécialité Réseaux ?,cours
Comment trouver un stage en Finance ?,cours
Quelles sont les matières obligatoires pour Mathématiques ?,cours
Comment gérer son temps pour Biologie ?,examens
Comment gérer son temps pour Réseaux ?,examens
Comment obtenir de bonnes notes en Sciences des données ?,orientation
Comment réussir un projet en Sciences des données ?,orientation
Conseils pour la spécialité Physique ?,orientation
Comment gérer son temps pour Mathématiques ?,cours
Comment préparer l'examen de Informatique ?,cours
Quels outils utiliser pour Finance ?,cours
Comment réussir le cours de Chimie ?,examens
Quels sont les exercices pour Sciences des données ?,cours
Quels outils utiliser pour Finance ?,examens
Comment se préparer aux concours de Réseaux ?,cours
Comment préparer l'examen de Informatique ?,examens
Comment obtenir de bonnes notes en Informatique ?,orientation
Quelles ressources en ligne pour Informatique ?,cours
Conseils pour la spécialité Chimie ?,cours
Quelles sont les matières obligatoires pour Génie logiciel ?,examens
Comment améliorer mes notes en Sciences des données ?,examens
Comment trouver un stage en Sciences des données ?,orientation
Comment améliorer mes notes en Sciences des données ?,orientation
Conseils pour la spécialité Sciences des données ?,examens
Quelles sont les matières obligatoires pour Sciences des données ?,cours
Conseils pour la spécialité Gestion ?,examens
Comment obtenir de bonnes notes en Informatique ?,cours
Comment s’améliorer en pratique pour Biologie ?,orientation
Comment se préparer aux concours de Réseaux ?,cours
Comment améliorer mes notes en Réseaux ?,cours
Conseils pour la spécialité Finance ?,orientation
Comment se préparer aux concours de Informatique ?,examens
Comment préparer l'examen de Physique ?,cours
Comment gérer son temps pour Biologie ?,orientation
Comment obtenir de bonnes notes en Mathématiques ?,examens
Comment gérer son temps pour Réseaux ?,orientation
Comment trouver un stage en Réseaux ?,cours
Quels sont les exercices pour Sciences des données ?,cours
Comment réussir un projet en Informatique ?,orientation
Conseils pour la spécialité Mathématiques ?,cours
Conseils pour réussir un stage en Biologie ?,examens
Comment obtenir de bonnes notes en Informatique ?,cours
Quels sont les stages disponibles en Informatique ?,cours
Comment se préparer aux concours de Gestion ?,cours
Comment réussir un projet en Biologie ?,orientation
Comment gérer son temps pour Biologie ?,examens
Conseils pour la spécialité Finance ?,orientation
Quelles ressources en ligne pour Réseaux ?,cours
Conseils pour réussir un stage en Réseaux ?,cours
Quels sont les exercices pour Biologie ?,cours
Comment se préparer aux concours de Biologie ?,cours
Comment améliorer mes notes en Génie logiciel ?,examens
Conseils pour réussir un stage en Biologie ?,orientation
Conseils pour la spécialité Réseaux ?,cours
Conseils pour la spécialité Biologie ?,orientation
Quelles ressources en ligne pour Physique ?,examens
Conseils pour la spécialité Finance ?,cours
Comment gérer son temps pour Informatique ?,cours
Comment réussir le cours de Biologie ?,cours
Comment réussir le cours de Génie logiciel ?,cours
Comment réussir le cours de Gestion ?,cours
Comment préparer l'examen de Finance ?,orientation
Conseils pour réussir un stage en Informatique ?,orientation
Quels sont les stages disponibles en Génie logiciel ?,examens
Comment préparer l'examen de Informatique ?,orientation
Comment réussir le cours de Génie logiciel ?,examens
Comment s’améliorer en pratique pour Chimie ?,cours
Comment s’améliorer en pratique pour Informatique ?,cours
Comment trouver un stage en Physique ?,cours
Comment s’améliorer en pratique pour Finance ?,orientation
Comment s’améliorer en pratique pour Chimie ?,examens
Quelles ressources en ligne pour Biologie ?,examens
Quels outils utiliser pour Biologie ?,orientation
Quelles ressources en ligne pour Finance ?,orientation
Quels sont les stages disponibles en Sciences des données ?,cours
Conseils pour réussir un stage en Mathématiques ?,examens
Quels sont les stages disponibles en Réseaux ?,orientation
Quels outils utiliser pour Génie logiciel ?,examens
Quels sont les stages disponibles en Gestion ?,cours
Comment gérer son temps pour Réseaux ?,orientation
Comment réussir un projet en Chimie ?,orientation
Quels outils utiliser pour Chimie ?,cours
Comment améliorer mes notes en Réseaux ?,cours
Quelles ressources en ligne pour Sciences des données ?,orientation
Quelles ressources en ligne pour Sciences des données ?,cours
Comment obtenir de bonnes notes en Informatique ?,orientation
Quels sont les exercices pour Biologie ?,examens
Comment améliorer mes notes en Gestion ?,cours
Comment se préparer aux concours de Mathématiques ?,cours
Quels outils utiliser pour Informatique ?,cours
Conseils pour la spécialité Biologie ?,orientation
Quels outils utiliser pour Physique ?,orientation
Comment gérer son temps pour Gestion ?,examens
Comment gérer son temps pour Réseaux ?,orientation
Comment réussir le cours de Réseaux ?,examens
Quelles sont les matières obligatoires pour Mathématiques ?,examens
Comment réussir un projet en Gestion ?,examens
Quels sont les exercices pour Réseaux ?,examens
Comment s’améliorer en pratique pour Informatique ?,orientation
Quelles ressources en ligne pour Réseaux ?,orientation
Comment réussir un projet en Sciences des données ?,cours
Quels outils utiliser pour Gestion ?,cours
Comment trouver un stage en Physique ?,cours
Quelles ressources en ligne pour Biologie ?,orientation
Comment trouver un stage en Réseaux ?,examens
Conseils pour la spécialité Sciences des données ?,cours
Comment réussir un projet en Gestion ?,cours
Comment trouver un stage en Sciences des données ?,examens
Quels sont les stages disponibles en Mathématiques ?,orientation
Conseils pour la spécialité Sciences des données ?,examens
Quels sont les stages disponibles en Biologie ?,cours
Comment se préparer aux concours de Gestion ?,cours
Quelles ressources en ligne pour Génie logiciel ?,cours
Comment réussir le cours de Mathématiques ?,cours
Comment réussir le cours de Physique ?,orientation
Comment obtenir de bonnes notes en Génie logiciel ?,orientation
Quels outils utiliser pour Réseaux ?,orientation
Conseils pour la spécialité Chimie ?,cours
Quels sont les stages disponibles en Biologie ?,cours
Comment s’améliorer en pratique pour Chimie ?,examens
Comment réussir le cours de Chimie ?,examens
Conseils pour la spécialité Réseaux ?,examens
Comment réussir un projet en Informatique ?,cours
Comment s’améliorer en pratique pour Finance ?,cours
Conseils pour réussir un stage en Réseaux ?,cours
Comment réussir un projet en Gestion ?,orientation
Comment trouver un stage en Gestion ?,orientation
Quels outils utiliser pour Finance ?,orientation
Quels outils utiliser pour Génie logiciel ?,orientation
Comment réussir un projet en Réseaux ?,examens
Conseils pour la spécialité Biologie ?,orientation
Quelles ressources en ligne pour Finance ?,examens
Conseils pour réussir un stage en Physique ?,orientation
Comment améliorer mes notes en Informatique ?,orientation
Comment se préparer aux concours de Informatique ?,orientation
Comment trouver un stage en Informatique ?,cours
Comment gérer son temps pour Physique ?,orientation
Quels outils utiliser pour Gestion ?,orientation
Quels outils utiliser pour Mathématiques ?,cours
Quels sont les exercices pour Finance ?,orientation
Comment trouver un stage en Réseaux ?,examens
Comment réussir le cours de Gestion ?,orientation
Comment obtenir de bonnes notes en Informatique ?,orientation
Comment réussir le cours de Informatique ?,orientation
Comment s’améliorer en pratique pour Informatique ?,examens
Quelles sont les matières obligatoires pour Physique ?,examens
Comment s’améliorer en pratique pour Finance ?,cours
Comment préparer l'examen de Informatique ?,examens
Quels sont les exercices pour Biologie ?,cours
Comment gérer son temps pour Finance ?,examens
Quels sont les stages disponibles en Finance ?,orientation
Conseils pour réussir un stage en Sciences des données ?,examens
Conseils pour la spécialité Gestion ?,cours
Conseils pour la spécialité Physique ?,examens
Comment gérer son temps pour Gestion ?,examens
Comment préparer l'examen de Finance ?,orientation
Comment améliorer mes notes en Informatique ?,orientation
Conseils pour la spécialité Chimie ?,examens
Comment s’améliorer en pratique pour Mathématiques ?,examens
Quels outils utiliser pour Finance ?,cours
Comment trouver un stage en Mathématiques ?,cours
Quels sont les stages disponibles en Génie logiciel ?,cours
Comment préparer l'examen de Chimie ?,orientation
Comment réussir le cours de Gestion ?,orientation
Comment gérer son temps pour Mathématiques ?,orientation
Comment gérer son temps pour Réseaux ?,cours
Comment préparer l'examen de Biologie ?,orientation
Comment réussir un projet en Réseaux ?,cours
Quels outils utiliser pour Réseaux ?,cours
Comment réussir le cours de Chimie ?,orientation
Comment préparer l'examen de Informatique ?,orientation
Comment réussir un projet en Mathématiques ?,orientation
Quels outils utiliser pour Chimie ?,examens
Comment améliorer mes notes en Physique ?,orientation
Conseils pour réussir un stage en Informatique ?,orientation
Quelles ressources en ligne pour Mathématiques ?,cours
Quels outils utiliser pour Informatique ?,orientation
Conseils pour réussir un stage en Physique ?,cours
Comment s’améliorer en pratique pour Génie logiciel ?,examens
Quels sont les stages disponibles en Physique ?,orientation
Comment réussir le cours de Chimie ?,examens
Conseils pour la spécialité Mathématiques ?,examens
Comment réussir le cours de Finance ?,examens
Comment améliorer mes notes en Réseaux ?,cours
Comment réussir un projet en Gestion ?,examens
Quelles ressources en ligne pour Mathématiques ?,examens
Comment s’améliorer en pratique pour Chimie ?,cours
Comment gérer son temps pour Finance ?,cours
Quelles sont les matières obligatoires pour Sciences des données ?,orientation
Quelles ressources en ligne pour Physique ?,examens
Comment gérer son temps pour Informatique ?,orientation
Comment obtenir de bonnes notes en Mathématiques ?,examens
Comment réussir un projet en Chimie ?,examens
Comment réussir le cours de Sciences des données ?,cours
Quels sont les exercices pour Physique ?,examens
Comment réussir le cours de Informatique ?,cours
Conseils pour réussir un stage en Finance ?,examens
Comment gérer son temps pour Informatique ?,orientation
Comment trouver un stage en Chimie ?,examens
Comment trouver un stage en Physique ?,orientation
Comment préparer l'examen de Génie logiciel ?,cours
Quelles ressources en ligne pour Biologie ?,orientation
Comment préparer l'examen de Informatique ?,orientation
Comment s’améliorer en pratique pour Finance ?,orientation
Comment se préparer aux concours de Physique ?,orientation
Comment gérer son temps pour Biologie ?,examens
Quels outils utiliser pour Réseaux ?,cours
Comment trouver un stage en Chimie ?,orientation
Quelles ressources en ligne pour Génie logiciel ?,examens
Comment se préparer aux concours de Finance ?,orientation
